Year,Day,Title,Cmnts,Thread,P1Desc,P2Desc,P1Lead,P2Lead,P1LOC,P2LOC,Warm,Gram,Str,Math,Sptl,Img,Cell,Grid,Grph,Path,BFS,DFS,Dyn,Memo,Opt,Log,Bit,VM,Rev,Sim,Inp,Scal
2015,1,Not Quite Lisp,179,https://redd.it/3uyl7s,1216,454,2'34'31,3'06'16,8,12,X,,X,,,,,,,,,,,,,,,,,,,
2015,2,I Was Told There Would Be No Math,165,https://redd.it/3v3w2f,976,905,0'31'59,0'43'44,9,6,X,,,,,,,,,,,,,,,,,,,,,
2015,3,Perfectly Spherical Houses in a Vacuum,232,https://redd.it/3v8roh,916,726,0'17'50,0'27'58,14,18,,,,,,,,X,,,,,,,,,,,,,,
2015,4,The Ideal Stocking Stuffer,276,https://redd.it/3vdn8a,866,42,0'14'05,0'16'25,10,10,,,X,,,,,,,,,,,,,,,,,,,
2015,5,Doesn't He Have Intern-Elves For This?,143,https://redd.it/3viazx,955,1132,0'13'59,0'27'45,15,14,,X,,,,,,,,,,,,,,,,,,,,
2015,6,Probably a Fire Hazard,175,https://redd.it/3vmltn,1255,843,0'21'53,0'26'21,20,18,,,,,,,,X,,,,,,,,,,,,,,
2015,7,Some Assembly Required,227,https://redd.it/3vr4m4,1709,169,0'59'17,1'02'12,41,45,,,,,,,,,X,,,,,,,,X,,,X,,
2015,8,Matchsticks,201,https://redd.it/3vw32y,1777,913,0'14'07,0'23'13,26,16,,X,,,,,,,,,,,,,,,,,,,,
2015,9,All in a Single Night,180,https://redd.it/3w192e,882,383,0'29'10,0'31'23,25,25,,,,,,,,,X,,,X,,,,,,,,,,
2015,10,"Elves Look, Elves Say",212,https://redd.it/3w6h3m,848,255,0'10'28,0'12'07,19,19,,,X,,,,,,,,,,,,,,,,,,,
2015,11,Corporate Policy,169,https://redd.it/3wbzyv,1795,54,0'23'30,0'24'24,30,33,,X,,,,,,,,,,,,,,,,,,,,
2015,12,JSAbacusFramework.io,185,https://redd.it/3wh73d,711,504,0'07'36,0'25'41,2,18,,X,,,,,,,,,,,,,,,,,,,,
2015,13,Knights of the Dinner Table,156,https://redd.it/3wm0oy,2205,507,0'20'41,0'24'19,23,27,,,,,,,,,X,,,,,,X,,,,,,,
2015,14,Reindeer Olympics,163,https://redd.it/3wqtx2,1392,1105,0'13'52,0'26'04,14,19,,,,,,,,,,,,,,,,,,,,X,,
2015,15,Science for Hungry People,176,https://redd.it/3wwj84,1879,751,0'26'31,0'32'18,24,26,,,,X,,,,,,,,,,,X,,,,,,,
2015,16,Aunt Sue,144,https://redd.it/3x1i26,1641,584,0'12'46,0'18'15,19,19,,,,,,,,,,,,,,,,X,,,,,,
2015,17,No Such Thing as Too Much,175,https://redd.it/3x6cyr,554,513,0'11'57,0'17'29,8,10,,,,,,,,,,,,,,,X,,,,,,,
2015,18,Like a GIF For Your Yard,113,https://redd.it/3xb3cj,1958,892,0'25'31,0'29'41,25,33,,,,,,,X,,,,,,,,,,,,,,,
2015,19,Medicine for Rudolph,126,https://redd.it/3xflz8,1832,782,0'25'39,3'52'11,18,26,,X,,,,,,,,,X,,,,,,,,,,,
2015,20,Infinite Elves and Infinite Houses,130,https://redd.it/3xjpp2,1280,381,0'42'02,1'03'57,10,10,,,,X,,,,,,,,,,,X,,,,,,,
2015,21,RPG Simulator 20XX,129,https://redd.it/3xnyoi,2759,245,0'35'50,0'45'43,42,42,,,,,,,,,,,,,,,X,,,,,X,,
2015,22,Wizard Simulator 20XX,111,https://redd.it/3xspyl,5049,338,2'30'24,3'03'05,55,59,,,,,,,,,,,,,,,X,,,,,X,,
2015,23,Opening the Turing Lock,157,https://redd.it/3xxdxt,1734,243,0'28'53,0'29'26,34,34,,,,,,,,,,,,,,,,,,X,,,,
2015,24,It Hangs in the Balance,114,https://redd.it/3y1s7f,2842,935,0'45'58,0'56'02,30,36,,,,,,,,,,,X,,,,X,,,,,,,
2015,25,Let It Snow,98,https://redd.it/3y5jco,3156,343,0'15'09,0'15'47,13,,,,,,,,,X,,,,,,,,,,,,,,
2016,1,No Time for a Taxicab,228,https://redd.it/5fur6q,1509,328,0'19'39,0'38'49,11,18,X,,,,,,,X,,,,,,,,,,,,,,
2016,2,Bathroom Security,211,https://redd.it/5g1hfm,1715,1023,0'09'48,0'19'10,14,21,,,,,,,,X,,,,,,,,,,,,,,
2016,3,Squares With Three Sides,236,https://redd.it/5g80ck,671,514,0'05'53,0'12'07,6,11,X,,,,,,,,,,,,,,,,,,,,,
2016,4,Security Through Obscurity,170,https://redd.it/5gdvve,1049,682,0'17'29,0'26'44,11,12,,X,X,X,,,,,,,,,,,,,,,,,,
2016,5,How About a Nice Game of Chess?,190,https://redd.it/5gk2yv,1141,1393,0'08'45,0'17'32,13,19,,,X,,,,,,,,,,,,,,,,,,,
2016,6,Signals and Noise,224,https://redd.it/5gr0xf,938,781,0'05'09,0'06'16,4,4,,,X,,,,,,,,,,,,,,,,,,,
2016,7,Internet Protocol Version 7,181,https://redd.it/5gy1f2,1003,1061,0'14'13,0'26'33,19,24,,X,,,,,,,,,,,,,,,,,,,,
2016,8,Two-Factor Authentication,197,https://redd.it/5h52ro,2110,206,0'19'44,0'22'55,23,21,,,,,,,,X,,,,,,,,,,,,,,
2016,9,Explosives in Cyberspace,155,https://redd.it/5hbygy,1763,1043,0'13'48,0'32'33,16,17,,,X,,,,,,,,,,,,,,,,,,,X
2016,10,Balance Bots,118,https://redd.it/5hijk5,1841,96,0'33'00,0'36'37,35,36,,,,,,,,,,,,,,,,X,,,,,,
2016,11,Radioisotope Thermoelectric Generators,121,https://redd.it/5hoia9,5857,590,1'49'50,2'44'15,69,73,,,,,,,,,,,X,,,,X,X,,,,,X,
2016,12,Leonardo's Monorail,167,https://redd.it/5hus40,1942,234,0'16'15,0'18'10,29,29,,,,,,,,,,,,,,,,,,X,,,,
2016,13,A Maze of Twisty Little Cubicles,103,https://redd.it/5i1q0h,1709,115,0'22'14,0'30'14,26,28,,,,,,,,X,,X,X,,,,,,X,,,,,
2016,14,One-Time Pad,111,https://redd.it/5i8pzz,1937,1601,0'24'29,0'42'10,30,31,,,X,,,,,,,,,,,,,,,,,,,X
2016,15,Timing is Everything,121,https://redd.it/5ifn4v,2617,539,0'11'33,0'12'42,8,12,,,,X,,,,,,,,,,,,,,,,,,
2016,16,Dragon Checksum,116,https://redd.it/5imh3d,3178,150,0'10'47,0'13'30,13,13,,X,,,,,,,,,,,,,,,,,,,,
2016,17,Two Steps Forward,77,https://redd.it/5isvxv,2530,557,0'19'29,0'29'15,17,19,,,X,,,,,X,,,X,,,,,,,,,,,
2016,18,Like a Rogue,104,https://redd.it/5iyp50,3010,57,0'11'49,0'13'09,10,10,,,,,,,X,,,,,,,,,,,,,,,
2016,19,An Elephant Named Joseph,130,https://redd.it/5j4lp1,926,1182,0'11'22,1'20'07,12,14,,,,,,,,,,,,,,,,,,,,X,,
2016,20,Firewall Rules,168,https://redd.it/5jbeqo,985,43,0'10'20,0'21'04,12,15,,,,,,,,,,,,,,,X,X,,,,,,
2016,21,Scrambled Letters and Hash,83,https://redd.it/5ji29h,2923,282,0'29'51,0'52'56,33,39,,,,,,,,,,,,,,,,,,X,,,,
2016,22,Grid Computing,82,https://redd.it/5jor9q,1441,3221,0'12'10,1'28'15,14,42,,,,,,,,X,,X,,,,,,,,,,,X,
2016,23,Safe Cracking,91,https://redd.it/5jvbzt,2670,570,0'27'18,0'55'39,38,45,,,,,,,,,,,,,,,,,,X,X,,,
2016,24,Air Duct Spelunking,90,https://redd.it/5k1he1,1612,227,0'48'30,0'58'50,31,31,,,,,,,,X,,X,,,,X,X,,,,,,,
2016,25,Clock Signal,45,https://redd.it/5k6yfu,2050,278,0'21'42,0'24'47,39,,,,,,,,,,,,,,,,X,,,X,,,,
2017,1,Inverse Captcha,391,https://redd.it/7gsrc2,2057,799,0'03'47,0'06'08,7,8,X,,X,,,,,,,,,,,,,,,,,,,
2017,2,Corruption Checksum,361,https://redd.it/7h0rnm,977,1093,0'02'18,0'06'13,6,11,X,,,,,,,,,,,,,,,,,,,,,
2017,3,Spiral Memory,307,https://redd.it/7h7ufl,1101,1005,0'08'29,0'23'19,12,19,,,,,,,,X,,,,,,,,,,,,,,
2017,4,High-Entropy Passphrases,325,https://redd.it/7hf5xb,546,724,0'01'53,0'03'40,7,7,,,X,,,,,,,,,,,,,,,,,,,
2017,5,"A Maze of Twisty Trampolines, All Alike",417,https://redd.it/7hngbn,1621,341,0'03'18,0'04'46,10,13,,,,,,,,,,,,,,,,,,X,,,,
2017,6,Memory Reallocation,335,https://redd.it/7hvtoq,2345,427,0'07'22,0'09'30,17,17,,,,,,,,,,,,,,X,,,,,,,,
2017,7,Recursive Circus,232,https://redd.it/7i44pg,2261,1415,0'05'40,0'25'21,9,23,,,,,,,,,X,,,X,,,,,,,,,,
2017,8,I Heard You Like Registers,353,https://redd.it/7icnff,1283,303,0'07'08,0'08'22,17,19,,,,,,,,,,,,,,,,,,X,,,,
2017,9,Stream Processing,294,https://redd.it/7iksqc,2676,487,0'09'25,0'11'37,22,18,,X,,,,,,,,,,,,,,,,,,,,
2017,10,Knot Hash,271,https://redd.it/7irzg5,3370,3412,0'12'24,0'25'24,11,15,,,X,,,,,,,,,,,,,,X,,,X,,
2017,11,Hex Ed,257,https://redd.it/7izym2,920,76,0'08'23,0'11'43,22,24,,,,,,,,X,,,,,,,,,,,,,,
2017,12,Digital Plumber,235,https://redd.it/7j89tr,1673,597,0'06'24,0'09'06,14,20,,,,,,,,,X,,X,,,,,,,,,,,
2017,13,Packet Scanners,206,https://redd.it/7jgyrt,5534,2978,0'10'40,0'21'46,11,15,,,,X,,,,,,,,,,,X,,,,,,,
2017,14,Disk Defragmentation,133,https://redd.it/7jpelc,1942,815,0'09'08,0'25'06,22,41,,,,,,,,X,,,X,,,,,,X,,,,,
2017,15,Dueling Generators,259,https://redd.it/7jxkiw,2057,2263,0'05'41,0'09'32,8,12,,,,X,,,,,,,,,,,,,,,,,,
2017,16,Permutation Promenade,232,https://redd.it/7k572l,1044,575,0'08'31,0'26'37,15,26,,,,X,,,,,,,,,,X,,,,,,X,,X
2017,17,Spinlock,199,https://redd.it/7kc0xw,2407,591,0'06'38,0'15'51,7,8,,,,X,,,,,,,,,,,,,,,,,,X
2017,18,Duet,228,https://redd.it/7kj35s,2668,2160,0'12'50,0'41'02,37,52,,,,,,,,,,,,,,,,,,X,,,,
2017,19,A Series of Tubes,192,https://redd.it/7kr2ac,1573,533,0'15'49,0'18'04,20,23,,,,,,,,X,,,,,,,,,,,,,,
2017,20,Particle Swarm,177,https://redd.it/7kz6ik,2215,1432,0'10'45,0'21'33,18,15,,,,,,,,,,,,,,,X,,,,,,,
2017,21,Fractal Art,144,https://redd.it/7l78eb,2733,45,0'41'11,0'44'51,34,34,,,,,,,X,,,,,,,,,,,,,,,
2017,22,Sporifica Virus,175,https://redd.it/7lf943,3553,3046,0'13'47,0'20'29,21,24,,,,,,,X,,,,,,,,,,,,,,,
2017,23,Coprocessor Conflagration,141,https://redd.it/7lms6p,1216,722,0'05'03,0'54'41,33,39,,,,,,,,,,,,,,,,,,X,X,,,
2017,24,Electromagnetic Moat,110,https://redd.it/7lte5z,1827,412,0'16'44,0'21'02,16,16,,,,,,,,,,,,X,,,X,,,,,,,
2017,25,The Halting Problem,132,https://redd.it/7lzo3l,3823,512,0'10'38,0'11'16,24,,,,,,,,,,,,,,,,,,,X,,,X,
2018,1,Chronal Calibration,625,https://redd.it/a20646,2309,1202,0'01'32,0'05'28,2,13,X,,,,,,,,,,,,,X,,,,,,,,
2018,2,Inventory Management System,426,https://redd.it/a2aimr,2239,668,0'03'33,0'07'45,8,7,,,X,,,,,,,,,,,,,,,,,,,
2018,3,No Matter How You Slice It,455,https://redd.it/a2lesz,1920,370,0'06'41,0'10'17,8,18,,,,,,,,X,,,,,,,,,,,,,,
2018,4,Repose Record,354,https://redd.it/a2xef8,3878,405,0'17'41,0'21'37,22,20,,,,,,,,,,,,,,,X,,,,,,,
2018,5,Alchemical Reduction,524,https://redd.it/a3912m,1728,1042,0'05'26,0'10'20,11,15,,X,,,,,,,,,,,,,X,,,,,,,
2018,6,Chronal Coordinates,393,https://redd.it/a3kr4r,1992,1578,0'17'39,0'26'52,22,12,,,,,,X,,,,,,,,,,,,,,,,
2018,7,The Sum of Its Parts,190,https://redd.it/a3wmnl,2664,2024,0'09'18,0'30'52,18,27,,,,,,,,,X,,,,,,,,,,,,,
2018,8,Memory Maneuver,307,https://redd.it/a47ubw,1874,1380,0'06'41,0'12'10,14,18,,X,,,,,,,,,,,,,,,,,,,,
2018,9,Marble Mania,284,https://redd.it/a4i97s,3620,157,0'15'37,0'29'13,27,28,,,,,,,,,,,,,,,,,,,,X,,X
2018,10,The Stars Align,238,https://redd.it/a4skra,4725,295,0'15'46,0'16'49,22,17,,,,,,,,,,,,,,,X,,,,,,,
2018,11,Chronal Charge,211,https://redd.it/a53r6i,2745,809,0'07'31,0'16'12,10,19,,,,,,X,,,,,,,X,,X,,,,,,,
2018,12,Subterranean Sustainability,259,https://redd.it/a5eztl,4426,279,0'14'00,0'27'42,21,26,,,,,,,X,,,,,,,X,,,,,,,,X
2018,13,Mine Cart Madness,151,https://redd.it/a5qd71,4372,842,0'32'13,0'44'25,40,42,,,,,,,,X,,,,,,,,,,,,X,,
2018,14,Chocolate Charts,182,https://redd.it/a61ojp,3333,459,0'09'19,0'19'39,11,17,,,X,,,,,,,,,,,,,,,,,X,,
2018,15,Beverage Bandits,126,https://redd.it/a6chwa,11110,2622,2'02'44,2'23'17,81,92,,,,,,,,X,,X,,,,,X,,,,,X,,
2018,16,Chronal Classification,141,https://redd.it/a6mf8a,5229,212,0'21'13,0'39'03,37,51,,,,,,,,,,,,,,,,X,X,X,,,,
2018,17,Reservoir Research,108,https://redd.it/a6wpup,5092,308,1'21'25,1'24'07,39,38,,,,,,,X,X,,,,,,,,,,,,,,
2018,18,Settlers of The North Pole,130,https://redd.it/a77xq6,3425,228,0'12'21,0'21'59,27,33,,,,X,,,X,,,,,,,X,,,,,,,,X
2018,19,Go With The Flow,130,https://redd.it/a7j9zc,4902,245,0'12'16,1'01'06,38,46,,,,X,,,,,,,,,,,,,,X,X,,,X
2018,20,A Regular Map,153,https://redd.it/a7uk3f,6117,132,0'52'43,0'59'30,26,26,,X,,,,,,X,X,X,X,,,,,,,,,,,
2018,21,Chronal Conversion,93,https://redd.it/a86jgt,2207,307,0'24'17,1'01'01,40,45,,,,,,,,,,,,,,X,X,,,,X,,,
2018,22,Mode Maze,103,https://redd.it/a8i1cy,4443,6421,0'14'49,1'02'36,20,45,,,,X,,,,,,,X,,,,X,X,,,,,,
2018,23,Experimental Emergency Teleportation,208,https://redd.it/a8s17l,2507,1021,0'06'28,1'40'41,8,16,,,,,X,,,,,,,,,,X,,,,,,,X
2018,24,Immune System Simulator 20XX,64,https://redd.it/a91ysq,8420,5226,1'09'48,1'27'10,54,65,,,,,,,,,,,,,,,X,,,,,X,X,
2018,25,Four-Dimensional Adventure,82,https://redd.it/a9c61w,3788,509,0'11'40,0'13'26,25,,,,,,X,,,,,,X,,,,,,,,,,,
2019,1,The Tyranny of the Rocket Equation,752,https://redd.it/e4axxe,1445,1714,0'01'24,0'04'12,7,10,X,,,,,,,,,,,,,,,,,,,,,
2019,2,1202 Program Alarm,614,https://redd.it/e4u0rw,3508,2442,0'06'26,0'10'42,18,25,,,,,,,,,,,,,,,,,,X,,,,
2019,3,Crossed Wires,519,https://redd.it/e5bz2w,1770,1425,0'09'38,0'13'43,22,23,,,,,,,,X,,,,,,X,X,,,,,,,
2019,4,Secure Container,758,https://redd.it/e5u5fv,805,636,0'03'05,0'06'25,9,13,,,X,,,,,,,,,,,,,,,,,,,
2019,5,Sunny with a Chance of Asteroids,436,https://redd.it/e6carb,4624,3098,0'15'11,0'22'31,37,44,,,,,,,,,,,,,,,,,,X,,,,
2019,6,Universal Orbit Map,472,https://redd.it/e6tyva,2104,1200,0'05'51,0'11'51,8,24,,,,,,,,,X,,X,,,,,,,,,,,
2019,7,Amplification Circuit,360,https://redd.it/e7a4nj,3746,2665,0'09'20,0'30'33,55,70,,,,X,,,,,,,,,,,X,,,X,,,,
2019,8,Space Image Format,430,https://redd.it/e7pkmt,1818,1313,0'04'40,0'10'20,10,15,,,,,,,,X,,,,,,,,,,,,,,
2019,9,Sensor Boost,325,https://redd.it/e85b6d,3090,571,0'13'50,0'14'46,59,59,,,,,,,,,,,,,,,,,,X,,,,
2019,10,Monitoring Station,310,https://redd.it/e8m1z3,3226,2813,0'13'49,0'42'46,24,35,,,,X,,,,X,,,,,,,X,,,,,,,
2019,11,Space Police,296,https://redd.it/e92jm2,3350,657,0'11'12,0'15'57,70,74,,,,,,,,X,,,,,,,,,,,,,,
2019,12,The N-Body Problem,267,https://redd.it/e9j0ve,8168,1855,0'11'26,0'36'37,17,28,,,,X,,,,,,,,,,X,,,,,,,,X
2019,13,Care Package,331,https://redd.it/e9zgse,1428,1002,0'03'23,0'20'26,66,73,,,,,,,,X,,,,,,,,,,,,X,,
2019,14,Space Stoichiometry,236,https://redd.it/eafj32,3928,404,0'27'35,0'42'18,18,25,,,,,,,,,,,,,,,X,X,,,,,,
2019,15,Oxygen System,180,https://redd.it/eaurfo,3076,1211,0'26'48,0'38'50,80,91,,,,,,,,X,,,X,X,,,,,,,,,,
2019,16,Flawed Frequency Transmission,218,https://redd.it/ebai4g,4670,1491,0'11'27,1'08'20,7,12,,,,X,,,,,,,,,,,,,,,,,,X
2019,17,Set and Forget,206,https://redd.it/ebr7dg,3119,4226,0'08'10,0'45'13,70,110,,,X,,,X,,X,,,,,,,,,,,,,,
2019,18,Many-Worlds Interpretation,213,https://redd.it/ec8090,2971,3584,0'48'40,1'57'26,46,54,,,,,,,,X,,X,X,,,X,,X,,,,,,
2019,19,Tractor Beam,169,https://redd.it/ecogl3,1645,2462,0'03'40,0'27'59,65,80,,,,,,X,,,,,,,,,X,,,,,,,
2019,20,Donut Maze,134,https://redd.it/ed5ei2,3606,5681,0'26'31,0'53'46,29,37,,,,,,,,X,,X,X,,,,,,,,,,,
2019,21,Springdroid Adventure,132,https://redd.it/edll5a,4205,825,0'15'47,0'33'30,66,69,,,,,,,,,,,,,,,,,X,,,,,
2019,22,Slam Shuffle,168,https://redd.it/ee0rqi,4949,889,0'12'13,2'03'46,12,28,,,,X,,,,,,,,,,,,,,,,,,X
2019,23,Category Six,152,https://redd.it/eefva8,2202,1108,0'11'48,0'20'53,76,82,,,,,,,,,,,,,,,,,,,,X,,
2019,24,Planet of Discord,102,https://redd.it/eewjtt,2070,4254,0'11'04,0'42'18,25,44,,,,,,,X,,,,,,,X,,,,,,,,
2019,25,Cryostasis,120,https://redd.it/efca4m,2026,627,0'31'41,0'35'01,78,,,,,,,,,,,,,,,,,,,,,X,,
2020,1,Report Repair,1406,https://redd.it/k4e4lm,1424,477,0'07'00,0'07'45,6,7,X,,,,,,,,,,,,,,,,,,,,,
2020,2,Password Philosophy,1232,https://redd.it/k52psu,1342,1079,0'02'31,0'04'32,6,6,X,,X,,,,,,,,,,,,,,,,,,,
2020,3,Toboggan Trajectory,1340,https://redd.it/k5qsrk,3162,651,0'02'34,0'04'56,7,14,X,,,,,,,X,,,,,,,,,,,,,,
2020,4,Passport Processing,1285,https://redd.it/k6e8sw,2194,2167,0'03'54,0'12'55,7,33,,X,,,,,,,,,,,,,,,,,,,X,
2020,5,Binary Boarding,1350,https://redd.it/k71h6r,2613,478,0'03'51,0'05'49,4,5,,,,,,,,,,,,,,,,,X,,,,,
2020,6,Custom Customs,1244,https://redd.it/k7ndux,1786,986,0'02'29,0'04'35,3,7,,,,,,,,,,,,,,,,X,,,,,X,
2020,7,Handy Haversacks,836,https://redd.it/k8a31f,2201,1292,0'08'41,0'13'44,27,21,,,,,,,,,X,,X,X,X,,,,,,,,X,
2020,8,Handheld Halting,956,https://redd.it/k8xw8h,2489,1538,0'03'25,0'07'48,20,25,,,,,,,,,,,,,,X,,,,X,X,,,
2020,9,Encoding Error,1025,https://redd.it/k9lfwj,2328,731,0'03'15,0'06'26,9,19,,,,X,,,,,,,,,,,,,,,,,,
2020,10,Adapter Array,1177,https://redd.it/ka8z8x,3427,2557,0'03'54,0'08'42,9,6,,,,,,,,,,,,,X,,,,,,,,,
2020,11,Seating System,726,https://redd.it/kaw6oz,2604,2239,0'08'31,0'14'06,26,40,,,,,,,X,X,,,,,,X,,,,,,,,
2020,12,Rain Risk,692,https://redd.it/kbj5me,2115,2141,0'05'13,0'10'58,14,16,,,,,X,,,X,,,,,,,,,,,,,,
2020,13,Shuttle Search,677,https://redd.it/kc4njx,3054,3305,0'04'21,0'16'14,9,12,,,,X,,,,,,,,,,,X,,,,,,,
2020,14,Docking Data,606,https://redd.it/kcr1ct,2995,2836,0'06'58,0'16'10,13,20,,,,,,,,,,,,,,,,,X,,,,,
2020,15,Rambunctious Recitation,806,https://redd.it/kdf85p,2837,577,0'05'47,0'09'24,16,16,,,,,,,,,,,,,,X,,,,,,X,,
2020,16,Ticket Translation,510,https://redd.it/ke2qp6,3082,968,0'06'44,0'21'03,16,44,,,,,,,,,,,,,,,,X,,,,,X,
2020,17,Conway Cubes,682,https://redd.it/keqsfa,3105,2883,0'10'22,0'13'16,23,25,,,,,,,X,,,,,,,,,,,,,,,
2020,18,Operation Order,679,https://redd.it/kfeldk,1828,908,0'09'06,0'14'09,20,23,,X,,,,,,,,,,,,,,,,,,,,
2020,19,Monster Messages,496,https://redd.it/kg1mro,3004,2316,0'14'05,0'28'40,26,34,,X,,,,,,,,,,,,,,,,,,,,
2020,20,Jurassic Jigsaw,332,https://redd.it/kgo01p,4048,2810,0'15'21,1'13'47,63,79,,,,,,X,,,,,,,,,,,,,,,,
2020,21,Allergen Assessment,332,https://redd.it/khaiyk,2231,590,0'11'28,0'16'05,23,22,,,,,,,,,,,,,,,,X,,,,,,
2020,22,Crab Combat,558,https://redd.it/khyjgv,3178,8345,0'04'29,0'20'53,13,26,,,,,,,,,,,,,,X,,,,,,X,,
2020,23,Crab Cups,448,https://redd.it/kimluc,3061,1341,0'10'44,0'39'46,22,28,,,,,,,,,,,,,,,,,,,,X,,X
2020,24,Lobby Layout,435,https://redd.it/kj96iw,2765,1068,0'07'08,0'15'25,13,32,,X,,,,,X,X,,,,,,,,,,,,,,
2020,25,Combo Breaker,276,https://redd.it/kjtg7y,4058,859,0'07'12,0'07'31,6,,,,,X,,,,,,,,,,,,,,,,,,
2021,1,Sonar Sweep,1888,https://redd.it/r66vow,2199,1394,0'01'05,0'02'44,3,4,X,,,,,,,,,,,,,,,,,,,,,
2021,2,Dive!,1596,https://redd.it/r6zd93,1376,1665,0'01'38,0'02'57,9,9,X,,,,,,,,,,,,,,,,,,,,,
2021,3,Binary Diagnostic,1205,https://redd.it/r7r0ff,1843,3582,0'03'08,0'10'17,8,14,,,,,,,,,,,,,,,,,X,,,,,
2021,4,Giant Squid,1243,https://redd.it/r8i1lq,2866,738,0'08'16,0'11'13,17,20,,,,,,,,X,,,,,,,,,,,,X,,
2021,5,Hydrothermal Venture,1195,https://redd.it/r9824c,1721,905,0'05'02,0'08'53,37,47,,,,,,,,X,,,,,,,,,,,,,,
2021,6,Lanternfish,1715,https://redd.it/r9z49j,3225,251,0'03'07,0'05'47,8,15,,,,,,,,,,,,,X,,,,,,,,,X
2021,7,The Treachery of Whales,1505,https://redd.it/rar7ty,1919,1099,0'01'52,0'03'33,13,13,,,,X,,,,,,,,,,,X,,,,,,,
2021,8,Seven Segment Search,1199,https://redd.it/rbj87a,4952,1335,0'03'48,0'20'51,13,45,,,,,,,,,,,,,,,,X,,,,,,
2021,9,Smoke Basin,1061,https://redd.it/rca6vp,1578,1032,0'03'38,0'10'31,11,29,,,,,,X,,,,,X,,,,X,,,,,,,
2021,10,Syntax Scoring,1031,https://redd.it/rd0s54,3029,2382,0'03'56,0'08'06,25,32,,X,,,,,,,,,,,,,,,,,,,,
2021,11,Dumbo Octopus,848,https://redd.it/rds32p,4864,813,0'08'01,0'09'49,33,38,,,,,,,X,,,,,,,,,,,,,,,
2021,12,Passage Pathing,811,https://redd.it/rehj2r,2678,1447,0'06'33,0'12'40,24,32,,,,,,,,,X,,,X,,,,,,,,,,
2021,13,Transparent Origami,823,https://redd.it/rf7onx,3408,203,0'06'15,0'09'38,19,27,,,,,X,,,,,,,,,,,,,,,,,
2021,14,Extended Polymerization,834,https://redd.it/rfzq6f,2580,600,0'04'59,0'14'08,22,23,,X,,,,,,,,,,,X,,,,,,,,,X
2021,15,Chiton,799,https://redd.it/rgqzt5,1417,6554,0'05'27,0'14'25,30,28,,,,,,,,,,X,,,,,,,,,,,,
2021,16,Packet Decoder,696,https://redd.it/rhj2hm,6617,2278,0'20'55,0'27'29,26,30,,X,,,,,,,,,,,,,,,X,,,,,
2021,17,Trick Shot,627,https://redd.it/ri9kdq,5934,1365,0'08'11,0'12'01,29,21,,,,,,,,,,,,,,,X,,,,,,,
2021,18,Snailfish,605,https://redd.it/rizw2c,7418,1073,0'38'58,0'43'50,51,53,,X,,,,,,,,,,,,,X,,,,,,,
2021,19,Beacon Scanner,464,https://redd.it/rjpf7f,7935,372,0'56'17,1'04'55,74,102,,,,,X,,,,,,X,,,,X,,,,,,,
2021,20,Trench Map,490,https://redd.it/rkf5ek,4877,369,0'16'18,0'18'57,22,22,,,,,,,X,,,,,,,,,,,,,,,
2021,21,Dirac Dice,556,https://redd.it/rl6p8y,2822,1055,0'05'33,0'20'44,31,35,,,,X,,,,,,,,,X,,,,,,,,,
2021,22,Reactor Reboot,539,https://redd.it/rlxhmg,3178,3331,0'05'53,0'43'54,24,25,,,,,X,,,,,,,,X,,,,,,,,,X
2021,23,Amphipod,327,https://redd.it/rmnozs,3994,2996,0'13'49,1'10'38,67,77,,,,,,,,X,,,X,,,,X,X,,,,,,
2021,24,Arithmetic Logic Unit,338,https://redd.it/rnejv5,4113,201,1'10'28,1'16'45,44,44,,,,,,,,,,,,X,,X,X,X,,X,X,,,
2021,25,Sea Cucumber,255,https://redd.it/ro2uav,5521,1072,0'09'02,0'09'34,28,,,,,,,,X,,,,,,,,,,,,,,,
2022,1,Calorie Counting,1601,https://redd.it/z9ezjb,2330,746,0'01'16,0'02'05,3,3,X,,,,,,,,,,,,,,,,,,,,,
2022,2,Rock Paper Scissors,1527,https://redd.it/zac2v2,2360,1055,0'03'43,0'06'16,6,6,X,,,,,,,,,,,,,,,,,,,X,,
2022,3,Rucksack Reorganization,1637,https://redd.it/zb865p,2487,1828,0'03'03,0'05'24,5,7,,,X,,,,,,,,,,,,,,,,,,,
2022,4,Camp Cleanup,1620,https://redd.it/zc0zta,1924,608,0'02'12,0'03'22,6,5,X,,,,,,,,,,,,,,,,,,,,,
2022,5,Supply Stacks,1360,https://redd.it/zcxid5,2452,1571,0'06'42,0'07'58,12,13,,,,,,,,,,,,,,,,,,,,X,X,
2022,6,Tuning Trouble,1786,https://redd.it/zdw0u6,2515,773,0'01'52,0'02'25,6,6,,,X,,,,,,,,,,,,,,,,,,,
2022,7,No Space Left On Device,1272,https://redd.it/zesk40,3847,1310,0'10'49,0'14'47,35,40,,,,,,,,,,,,,,,X,,,,,,X,
2022,8,Treetop Tree House,1030,https://redd.it/zfpnka,2014,1897,0'04'30,0'10'12,16,17,,,,,,X,,,,,,,,,X,,,,,,,
2022,9,Rope Bridge,1026,https://redd.it/zgnice,3879,9067,0'07'32,0'14'08,15,15,,,,,,,,X,,,,,,,,,,,,X,,
2022,10,Cathode-Ray Tube,953,https://redd.it/zhjfo4,4367,5523,0'05'17,0'12'17,18,20,,,,,,,,X,,,,,,,,,,X,,,,
2022,11,Monkey in the Middle,1055,https://redd.it/zifqmh,9305,3096,0'13'07,0'18'05,25,26,,,,X,,,,,,,,,,,,,,,,X,,X
2022,12,Hill Climbing Algorithm,800,https://redd.it/zjnruc,1951,1031,0'07'39,0'09'46,27,24,,,,,,,,,,X,,,,,,,,,,,,
2022,13,Distress Signal,869,https://redd.it/zkmyh4,4353,1106,0'08'16,0'12'56,17,19,,X,,,,,,,,,,,,,,,,,,,,
2022,14,Regolith Reservoir,594,https://redd.it/zli1rd,4153,1640,0'10'33,0'13'54,31,33,,,,,,,X,X,,,,,,,,,,,,,,
2022,15,Beacon Exclusion Zone,779,https://redd.it/zmcn64,5230,778,0'10'40,0'27'14,11,12,,,,,X,,,,,,,,,,,,,,,,,
2022,16,Proboscidea Volcanium,518,https://redd.it/zn6k1l,5744,2325,0'23'53,1'04'17,26,28,,,,,,,,,X,,,X,,X,X,,,,,,,
2022,17,Pyroclastic Flow,366,https://redd.it/znykq2,5729,344,0'24'14,0'40'48,23,32,,,,,,X,,X,,,,,,X,,,,,,X,,X
2022,18,Boiling Boulders,453,https://redd.it/zoqhvy,1480,682,0'02'55,0'12'29,7,21,,,,,,X,,,,,X,,,,,,,,,,,
2022,19,Not Enough Minerals,515,https://redd.it/zpihwi,8530,10063,0'48'27,0'57'45,40,40,,,,,,,,,,,,X,,,X,,,,,X,,
2022,20,Grove Positioning System,529,https://redd.it/zqezkn,2290,2187,0'15'41,0'21'14,11,12,,,,,,,,,,,,,,,,,,,,X,,
2022,21,Monkey Math,720,https://redd.it/zrav4h,2207,922,0'04'28,0'16'15,9,60,,,,X,,,,,X,,,,,,,X,,,,,,
2022,22,Monkey Map,386,https://redd.it/zsct8w,3687,2320,0'19'04,1'14'31,33,93,,,,,X,,,X,,,,,,,,,,,,,,
2022,23,Unstable Diffusion,366,https://redd.it/zt6xz5,6839,493,0'21'46,0'24'43,28,29,,,,,,,X,,,,,,,,,,,,,,,
2022,24,Blizzard Basin,394,https://redd.it/zu28ij,4574,700,0'21'08,0'26'48,29,32,,,,,,,X,,,,X,,,,X,,,,,,,
2022,25,Full of Hot Air,414,https://redd.it/zur1an,5109,648,0'07'54,0'08'30,10,,,,,X,,,,,,,,,,,,,,,,,,
2023,1,Trebuchet?!,2556,https://redd.it/1883ibu,1827,565,0'01'39,0'07'03,5,6,X,,X,,,,,,,,,,,,,,,,,,,
2023,2,Cube Conundrum,1521,https://redd.it/188w447,2610,1636,0'04'10,0'06'15,8,5,X,,,,,,,,,,,,,,,,,,,,X,
2023,3,Gear Ratios,1338,https://redd.it/189m3qw,1547,1520,0'07'09,0'11'37,14,16,,,X,,,,,X,,,,,,,,,,,,,,
2023,4,Scratchcards,1464,https://redd.it/18actmy,3004,2503,0'02'51,0'07'08,7,9,,,,,,,,,,,,,X,,,,,,,X,,X
2023,5,If You Give A Seed A Fertilizer,1136,https://redd.it/18b4b0r,4926,1160,0'08'15,0'26'37,13,22,,,,,,,,,,,,,,,X,,,,,,,
2023,6,Wait For It,1227,https://redd.it/18bwe6t,4344,744,0'03'11,0'05'02,11,11,,,,X,,,,,,,,,,,,,,,,,,
2023,7,Camel Cards,1044,https://redd.it/18cnzbm,4601,1246,0'09'57,0'16'00,15,17,,,,,,,,,,,,,,,,,,,,X,,
2023,8,Haunted Wasteland,973,https://redd.it/18df7px,1876,1969,0'03'30,0'10'16,10,18,,,,X,,,,,X,,,,,X,,,,,,,,X
2023,9,Mirage Maintenance,1028,https://redd.it/18e5ytd,4001,1149,0'04'02,0'05'36,9,11,,,,X,,,,,,,,,,,,,,,,,,
2023,10,Pipe Maze,847,https://redd.it/18evyu9,3814,2628,0'11'33,0'36'31,24,40,,,,,X,,,X,,,,,,,,,,,,,,
2023,11,Cosmic Expansion,847,https://redd.it/18fmrjk,3201,893,0'06'07,0'09'18,18,18,,,,,X,,,X,,,,,,,,,,,,,,X
2023,12,Hot Springs,581,https://redd.it/18ge41g,4838,1131,0'08'12,0'22'57,19,20,,X,,,,,,,,,,X,X,,,,,,,,,X
2023,13,Point of Incidence,628,https://redd.it/18h940b,3049,1908,0'08'58,0'13'46,19,19,,,,,,X,,,,,,,,,,,,,,,,
2023,14,Parabolic Reflector Dish,632,https://redd.it/18i0xtn,2546,1494,0'04'10,0'17'15,18,27,,,,,,,X,,,,,,,X,,,,,,,,
2023,15,Lens Library,612,https://redd.it/18isayp,4340,4470,0'02'10,0'11'04,8,18,,,X,,,,,,,,,,,,,,,,,X,,
2023,16,The Floor Will Be Lava,557,https://redd.it/18jjpfk,3408,1270,0'11'36,0'15'30,36,45,,,,,,,X,,,,,,,,X,,,,,,,
2023,17,Clumsy Crucible,537,https://redd.it/18k9ne5,2794,1441,0'14'05,0'20'00,25,26,,,,,,,,X,,X,,,,,,,,,,,,
2023,18,Lavaduct Lagoon,599,https://redd.it/18l0qtr,1908,1239,0'08'21,0'20'55,10,10,,,,,X,,,X,,,,,,,,,,,,,,
2023,19,Aplenty,465,https://redd.it/18ltr8m,3499,800,0'10'23,0'29'12,29,41,,,,,X,,,,,,,,,,,,,,,,X,
2023,20,Pulse Propagation,361,https://redd.it/18mmfxb,6029,382,0'23'11,0'48'46,51,57,,,,X,,,,,X,,,,,,,,X,,X,X,,
2023,21,Step Counter,380,https://redd.it/18nevo3,2635,2626,0'04'44,1'19'03,13,23,,,,X,,,X,,,,,,,X,,,,,,,,X
2023,22,Sand Slabs,274,https://redd.it/18o7014,5258,803,0'21'00,0'29'48,23,34,,,,,,,,X,X,,,,,,,,,,,,,
2023,23,A Long Walk,363,https://redd.it/18oy4pc,2656,1135,0'09'02,0'38'20,28,47,,,,,,,,,X,,,X,,,X,,,,,,,X
2023,24,Never Tell Me The Odds,510,https://redd.it/18pnycy,3650,2096,0'15'56,1'02'10,16,57,,,,X,,,,,,,,,,,,,,,,,,
2023,25,Snowverload,472,https://redd.it/18qbsxs,2970,624,0'12'01,0'14'01,56,,,,,,,,,,X,,,,,,,,,,,,,
2024,1,Historian Hysteria,1410,https://redd.it/1h3vp6n,3542,1682,0'01'24,0'02'31,3,4,X,,,,,,,,,,,,,,,,,,,,X,
2024,2,Red-Nosed Reports,1427,https://redd.it/1h4ncyr,2004,1036,0'03'02,0'04'42,5,6,X,,,,,,,,,,,,,,,,,,,,,
2024,3,Mull It Over,1701,https://redd.it/1h5frsp,1435,1091,0'01'24,0'03'22,3,10,X,X,,,,,,,,,,,,,,,,,,,,
2024,4,Ceres Search,1209,https://redd.it/1h689qf,1308,830,0'01'30,0'05'41,9,11,,,X,,,,,X,,,,,,,,,,,,,,
2024,5,Print Queue,1150,https://redd.it/1h71eyz,4031,752,0'01'58,0'03'43,10,18,,,,,,,,,X,,,,,,,X,,,,,,
2024,6,Guard Gallivant,985,https://redd.it/1h7tovg,2665,3019,0'02'40,0'08'53,16,21,,,,,,,,X,,,,,,X,,,,,,X,,
2024,7,Bridge Repair,1122,https://redd.it/1h8l3z5,2219,1128,0'01'59,0'03'47,13,14,,,,,,,,,,,,X,,,,X,,,,,,
2024,8,Resonant Collinearity,800,https://redd.it/1h9bdmp,2719,1212,0'03'57,0'07'12,18,20,,,,,X,,,X,,,,,,,,,,,,,,
2024,9,Disk Fragmenter,725,https://redd.it/1ha27bo,3253,1291,0'05'51,0'14'05,10,15,,,,,,,,,,,,,,,,,,,,X,,
2024,10,Hoof It,754,https://redd.it/1hau6hl,2892,1630,0'02'07,0'04'14,18,20,,,,,,,,X,,,X,,X,,,,,,,,,
2024,11,Plutonian Pebbles,963,https://redd.it/1hbm0al,2771,162,0'01'36,0'06'24,14,14,,,,,,,,,,,,,,X,,,,,,,,
2024,12,Garden Groups,697,https://redd.it/1hcdnk0,3980,2451,0'02'04,0'17'42,22,25,,,,,X,,,X,,,X,,,,,,,,,,,
2024,13,Claw Contraption,772,https://redd.it/1hd4wda,2990,1031,0'03'37,0'11'04,15,17,,,,X,,,,,,,,,,,X,,,,,,,X
2024,14,Restroom Redoubt,745,https://redd.it/1hdvhvu,3836,392,0'03'06,0'15'48,12,15,,,,,X,,,X,,,,,,,X,,,,,,,
2024,15,Warehouse Woes,466,https://redd.it/1hele8m,5484,3795,0'09'30,0'32'00,18,24,,,,,,,,X,,,,,,,,,,,,X,,
2024,16,Reindeer Maze,481,https://redd.it/1hfboft,2362,1531,0'02'40,0'13'47,21,32,,,,,,,,,,X,X,,X,,,,,,,,,
2024,17,Chronospatial Computer,552,https://redd.it/1hg38ah,5002,694,0'03'06,0'44'39,19,25,,,,,,,,,,,,,,,X,X,X,X,X,,,
2024,18,RAM Run,537,https://redd.it/1hguacy,2482,993,0'03'00,0'05'55,17,23,,,,,,,,X,,X,X,,,,X,,,,,,,
2024,19,Linen Layout,588,https://redd.it/1hhlb8g,3092,996,0'01'54,0'03'16,5,10,,X,,,,,,,,,,,,X,,,,,,,,
2024,20,Race Condition,447,https://redd.it/1hicdtb,4198,2222,0'08'32,0'15'58,16,16,,,,,,,,X,,X,,,,X,X,,,,,,,
2024,21,Keypad Conundrum,401,https://redd.it/1hj2odw,6215,1193,0'39'33,1'01'23,20,20,,,,,,,,X,,X,,,,X,X,,,,,X,,X
2024,22,Monkey Market,451,https://redd.it/1hjroap,3738,3664,0'02'11,0'12'15,10,18,,,,,,,,,,,,,,X,X,,X,,,X,,
2024,23,LAN Party,506,https://redd.it/1hkgj5b,1696,1036,0'01'46,0'05'07,6,6,,,,,,,,,X,,,,,,,,,,,,,
2024,24,Crossed Wires,345,https://redd.it/1hl698z,3734,3855,0'05'19,1'01'13,16,32,,,,,,,,,,,,,,,,X,X,,X,,,
2024,25,Code Chronicle,350,https://redd.it/1hlu4ht,3819,1505,0'03'57,0'04'34,6,,,,,,,,,,,,,,,,,,,,,,X,
